Rank,Geographic Area,2019
1,"New York, New York","8,336,817"
2,"Los Angeles, California","3,979,576"
3,"Chicago, Illinois","2,693,976"
4,"Houston, Texas","2,320,268"
5,"Phoenix, Arizona","1,680,992"
6,"Philadelphia, Pennsylvania","1,584,064"
7,"San Antonio, Texas","1,547,253"
8,"San Diego, California","1,423,851"
9,"Dallas, Texas","1,343,573"
10,"San Jose, California","1,021,795"
11,"Austin, Texas","978,908"
12,"Jacksonville, Florida","911,507"
13,"Fort Worth, Texas","909,585"
14,"Columbus, Ohio","898,553"
15,"Charlotte, North Carolina","885,708"
16,"San Francisco, California","881,549"
17,"Indianapolis city (balance), Indiana","876,384"
18,"Seattle, Washington","753,675"
19,"Denver, Colorado","727,211"
20,"Washington, District of Columbia","705,749"
21,"Boston, Massachusetts","692,600"
22,"El Paso, Texas","681,728"
23,"Nashville-Davidson metropolitan government (balance), Tennessee","670,820"
24,"Detroit, Michigan","670,031"
25,"Oklahoma City, Oklahoma","655,057"
26,"Portland, Oregon","654,741"
27,"Las Vegas, Nevada","651,319"
28,"Memphis, Tennessee","651,073"
29,"Louisville/Jefferson County metro government (balance), Kentucky","617,638"
30,"Baltimore, Maryland","593,490"
31,"Milwaukee, Wisconsin","590,157"
32,"Albuquerque, New Mexico","560,513"
33,"Tucson, Arizona","548,073"
34,"Fresno, California","531,576"
35,"Mesa, Arizona","518,012"
36,"Sacramento, California","513,624"
37,"Atlanta, Georgia","506,811"
38,"Kansas City, Missouri","495,327"
39,"Colorado Springs, Colorado","478,221"
40,"Omaha, Nebraska","478,192"
41,"Raleigh, North Carolina","474,069"
42,"Miami, Florida","467,963"
43,"Long Beach, California","462,628"
44,"Virginia Beach, Virginia","449,974"
45,"Oakland, California","433,031"
46,"Minneapolis, Minnesota","429,606"
47,"Tulsa, Oklahoma","401,190"
48,"Tampa, Florida","399,700"
49,"Arlington, Texas","398,854"
50,"New Orleans, Louisiana","390,144"
51,"Wichita, Kansas","389,938"
52,"Bakersfield, California","384,145"
53,"Cleveland, Ohio","381,009"
54,"Aurora, Colorado","379,289"
55,"Anaheim, California","350,365"
56,"Urban Honolulu CDP, Hawaii","345,064"
57,"Santa Ana, California","332,318"
58,"Riverside, California","331,360"
59,"Corpus Christi, Texas","326,586"
60,"Lexington-Fayette urban county, Kentucky","323,152"
61,"Henderson, Nevada","320,189"
62,"Stockton, California","312,697"
63,"St. Paul, Minnesota","308,096"
64,"Cincinnati, Ohio","303,940"
65,"St. Louis, Missouri","300,576"
66,"Pittsburgh, Pennsylvania","300,286"
67,"Greensboro, North Carolina","296,710"
68,"Lincoln, Nebraska","289,102"
69,"Anchorage municipality, Alaska","288,000"
70,"Plano, Texas","287,677"
71,"Orlando, Florida","287,442"
72,"Irvine, California","287,401"
73,"Newark, New Jersey","282,011"
74,"Durham, North Carolina","278,993"
75,"Chula Vista, California","274,492"
76,"Toledo, Ohio","272,779"
77,"Fort Wayne, Indiana","270,402"
78,"St. Petersburg, Florida","265,351"
79,"Laredo, Texas","262,491"
80,"Jersey City, New Jersey","262,075"
81,"Chandler, Arizona","261,165"
82,"Madison, Wisconsin","259,680"
83,"Lubbock, Texas","258,862"
84,"Scottsdale, Arizona","258,069"
85,"Reno, Nevada","255,601"
86,"Buffalo, New York","255,284"
87,"Gilbert town, Arizona","254,114"
88,"Glendale, Arizona","252,381"
89,"North Las Vegas, Nevada","251,974"
90,"Winston-Salem, North Carolina","247,945"
91,"Chesapeake, Virginia","244,835"
92,"Norfolk, Virginia","242,742"
93,"Fremont, California","241,110"
94,"Garland, Texas","239,928"
95,"Irving, Texas","239,798"
96,"Hialeah, Florida","233,339"
97,"Richmond, Virginia","230,436"
98,"Boise City, Idaho","228,959"
99,"Spokane, Washington","222,081"
100,"Baton Rouge, Louisiana","220,236"
101,"Tacoma, Washington","217,827"
102,"San Bernardino, California","215,784"
103,"Modesto, California","215,196"
104,"Fontana, California","214,547"
105,"Des Moines, Iowa","214,237"
106,"Moreno Valley, California","213,055"
107,"Santa Clarita, California","212,979"
108,"Fayetteville, North Carolina","211,657"
109,"Birmingham, Alabama","209,403"
110,"Oxnard, California","208,881"
111,"Rochester, New York","205,695"
112,"Port St. Lucie, Florida","201,846"
113,"Grand Rapids, Michigan","201,013"
114,"Huntsville, Alabama","200,574"
115,"Salt Lake City, Utah","200,567"
116,"Frisco, Texas","200,490"
117,"Yonkers, New York","200,370"
118,"Amarillo, Texas","199,371"
119,"Glendale, California","199,303"
120,"Huntington Beach, California","199,223"
121,"McKinney, Texas","199,177"
122,"Montgomery, Alabama","198,525"
123,"Augusta-Richmond County consolidated government (balance), Georgia","197,888"
124,"Aurora, Illinois","197,757"
125,"Akron, Ohio","197,597"
126,"Little Rock, Arkansas","197,312"
127,"Tempe, Arizona","195,805"
128,"Columbus, Georgia","195,769"
129,"Overland Park, Kansas","195,494"
130,"Grand Prairie, Texas","194,543"
131,"Tallahassee, Florida","194,500"
132,"Cape Coral, Florida","194,495"
133,"Mobile, Alabama","188,720"
134,"Knoxville, Tennessee","187,603"
135,"Shreveport, Louisiana","187,112"
136,"Worcester, Massachusetts","185,428"
137,"Ontario, California","185,010"
138,"Vancouver, Washington","184,463"
139,"Sioux Falls, South Dakota","183,793"
140,"Chattanooga, Tennessee","182,799"
141,"Brownsville, Texas","182,781"
142,"Fort Lauderdale, Florida","182,437"
143,"Providence, Rhode Island","179,883"
144,"Newport News, Virginia","179,225"
145,"Rancho Cucamonga, California","177,603"
146,"Santa Rosa, California","176,753"
147,"Peoria, Arizona","175,961"
148,"Oceanside, California","175,742"
149,"Elk Grove, California","174,775"
150,"Salem, Oregon","174,365"
151,"Pembroke Pines, Florida","173,591"
152,"Eugene, Oregon","172,622"
153,"Garden Grove, California","171,644"
154,"Cary town, North Carolina","170,282"
155,"Fort Collins, Colorado","170,243"
156,"Corona, California","169,868"
157,"Springfield, Missouri","167,882"
158,"Jackson, Mississippi","160,628"
159,"Alexandria, Virginia","159,428"
160,"Hayward, California","159,203"
161,"Clarksville, Tennessee","158,146"
162,"Lakewood, Colorado","157,935"
163,"Lancaster, California","157,601"
164,"Salinas, California","155,465"
165,"Palmdale, California","155,079"
166,"Hollywood, Florida","154,817"
167,"Springfield, Massachusetts","153,606"
168,"Macon-Bibb County, Georgia","153,159"
169,"Kansas City, Kansas","152,960"
170,"Sunnyvale, California","152,703"
171,"Pomona, California","151,691"
172,"Killeen, Texas","151,666"
173,"Escondido, California","151,625"
174,"Pasadena, Texas","151,227"
175,"Naperville, Illinois","148,449"
176,"Bellevue, Washington","148,164"
177,"Joliet, Illinois","147,344"
178,"Murfreesboro, Tennessee","146,900"
179,"Midland, Texas","146,038"
180,"Rockford, Illinois","145,609"
181,"Paterson, New Jersey","145,233"
182,"Savannah, Georgia","144,464"
183,"Bridgeport, Connecticut","144,399"
184,"Torrance, California","143,592"
185,"McAllen, Texas","143,268"
186,"Syracuse, New York","142,327"
187,"Surprise, Arizona","141,664"
188,"Denton, Texas","141,541"
189,"Roseville, California","141,500"
190,"Thornton, Colorado","141,464"
191,"Miramar, Florida","141,191"
192,"Pasadena, California","141,029"
193,"Mesquite, Texas","140,937"
194,"Olathe, Kansas","140,545"
195,"Dayton, Ohio","140,407"
196,"Carrollton, Texas","139,248"
197,"Waco, Texas","139,236"
198,"Orange, California","138,669"
199,"Fullerton, California","138,632"
200,"Charleston, South Carolina","137,566"
201,"West Valley City, Utah","135,248"
202,"Visalia, California","134,605"
203,"Hampton, Virginia","134,510"
204,"Gainesville, Florida","133,997"
205,"Warren, Michigan","133,943"
206,"Coral Springs, Florida","133,759"
207,"Cedar Rapids, Iowa","133,562"
208,"Round Rock, Texas","133,372"
209,"Sterling Heights, Michigan","132,438"
210,"Kent, Washington","132,319"
211,"Columbia, South Carolina","131,674"
212,"Santa Clara, California","130,365"
213,"New Haven, Connecticut","130,250"
214,"Stamford, Connecticut","129,638"
215,"Concord, California","129,295"
216,"Elizabeth, New Jersey","129,216"
217,"Athens-Clarke County unified government (balance), Georgia","126,913"
218,"Thousand Oaks, California","126,813"
219,"Lafayette, Louisiana","126,185"
220,"Simi Valley, California","125,613"
221,"Topeka, Kansas","125,310"
222,"Norman, Oklahoma","124,880"
223,"Fargo, North Dakota","124,662"
224,"Wilmington, North Carolina","123,744"
225,"Abilene, Texas","123,420"
226,"Odessa, Texas","123,334"
227,"Columbia, Missouri","123,195"
228,"Pearland, Texas","122,460"
229,"Victorville, California","122,385"
230,"Hartford, Connecticut","122,105"
231,"Vallejo, California","121,692"
232,"Allentown, Pennsylvania","121,442"
233,"Berkeley, California","121,363"
234,"Richardson, Texas","121,323"
235,"Arvada, Colorado","121,272"
236,"Ann Arbor, Michigan","119,980"
237,"Rochester, Minnesota","118,935"
238,"Cambridge, Massachusetts","118,927"
239,"Sugar Land, Texas","118,488"
240,"Lansing, Michigan","118,210"
241,"Evansville, Indiana","117,979"
242,"College Station, Texas","117,911"
243,"Fairfield, California","117,133"
244,"Clearwater, Florida","116,946"
245,"Beaumont, Texas","116,825"
246,"Independence, Missouri","116,672"
247,"Provo, Utah","116,618"
248,"West Jordan, Utah","116,480"
249,"Murrieta, California","116,223"
250,"Palm Bay, Florida","115,552"
251,"El Monte, California","115,487"
252,"Carlsbad, California","115,382"
252,"North Charleston, South Carolina","115,382"
254,"Temecula, California","114,761"
255,"Clovis, California","114,584"
256,"Springfield, Illinois","114,230"
257,"Meridian, Idaho","114,161"
258,"Westminster, Colorado","113,166"
259,"Costa Mesa, California","113,003"
260,"High Point, North Carolina","112,791"
261,"Manchester, New Hampshire","112,673"
262,"Pueblo, Colorado","112,361"
263,"Lakeland, Florida","112,136"
264,"Pompano Beach, Florida","112,118"
265,"West Palm Beach, Florida","111,955"
266,"Antioch, California","111,502"
267,"Everett, Washington","111,475"
268,"Downey, California","111,126"
269,"Lowell, Massachusetts","110,997"
270,"Centennial, Colorado","110,937"
271,"Elgin, Illinois","110,849"
272,"Richmond, California","110,567"
273,"Peoria, Illinois","110,417"
274,"Broken Arrow, Oklahoma","110,198"
275,"Miami Gardens, Florida","110,001"
276,"Billings, Montana","109,577"
277,"Jurupa Valley, California","109,527"
278,"Sandy Springs, Georgia","109,452"
279,"Gresham, Oregon","109,381"
280,"Lewisville, Texas","109,212"
281,"Hillsboro, Oregon","109,128"
282,"San Buenaventura (Ventura), California","109,106"
283,"Greeley, Colorado","108,649"
284,"Inglewood, California","108,151"
285,"Waterbury, Connecticut","107,568"
286,"League City, Texas","107,536"
287,"Santa Maria, California","107,263"
288,"Tyler, Texas","106,985"
289,"Davie town, Florida","106,306"
290,"Daly City, California","106,280"
291,"Boulder, Colorado","105,673"
292,"Allen, Texas","105,623"
293,"West Covina, California","105,101"
294,"Sparks, Nevada","105,006"
295,"Wichita Falls, Texas","104,683"
296,"Green Bay, Wisconsin","104,578"
297,"San Mateo, California","104,430"
298,"Norwalk, California","103,949"
299,"Rialto, California","103,526"
300,"Las Cruces, New Mexico","103,432"
301,"Chico, California","103,301"
302,"El Cajon, California","102,708"
303,"Burbank, California","102,511"
304,"South Bend, Indiana","102,026"
305,"Renton, Washington","101,751"
306,"Vista, California","101,638"
307,"Davenport, Iowa","101,590"
308,"Edinburg, Texas","101,170"
309,"Tuscaloosa, Alabama","101,129"
310,"Carmel, Indiana","101,068"
311,"Spokane Valley, Washington","101,060"
312,"San Angelo, Texas","101,004"
313,"Vacaville, California","100,670"
314,"Bend, Oregon","100,421"
315,"Kenosha, Wisconsin","99,944"
316,"Boca Raton, Florida","99,805"
317,"Lee's Summit, Missouri","99,357"
318,"Nampa, Idaho","99,277"
319,"Rio Rancho, New Mexico","99,178"
320,"South Fulton, Georgia","99,155"
321,"Roanoke, Virginia","99,143"
322,"Beaverton, Oregon","99,037"
323,"Yuma, Arizona","98,285"
324,"Lawrence, Kansas","98,193"
325,"Orem, Utah","97,828"
326,"Longmont, Colorado","97,261"
327,"San Marcos, California","96,664"
328,"Albany, New York","96,460"
329,"Sandy, Utah","96,380"
330,"Concord, North Carolina","96,341"
331,"Federal Way, Washington","96,289"
332,"Hesperia, California","95,750"
333,"Brockton, Massachusetts","95,708"
334,"Compton, California","95,605"
335,"Flint, Michigan","95,538"
336,"Erie, Pennsylvania","95,508"
337,"New Bedford, Massachusetts","95,363"
338,"Fishers, Indiana","95,310"
339,"Sunrise, Florida","95,166"
340,"Roswell, Georgia","94,763"
341,"Menifee, California","94,756"
342,"Tracy, California","94,740"
343,"Plantation, Florida","94,580"
344,"Quincy, Massachusetts","94,470"
345,"Portsmouth, Virginia","94,398"
346,"Mission Viejo, California","94,381"
347,"Chino, California","94,371"
348,"Lynn, Massachusetts","94,299"
349,"Edmond, Oklahoma","94,054"
350,"Dearborn, Michigan","93,932"
351,"Livonia, Michigan","93,665"
352,"Yakima, Washington","93,637"
353,"South Gate, California","93,444"
354,"Greenville, North Carolina","93,400"
355,"Lawton, Oklahoma","93,025"
356,"Kirkland, Washington","93,010"
357,"Asheville, North Carolina","92,870"
358,"Deltona, Florida","92,757"
359,"Redding, California","92,590"
360,"Bellingham, Washington","92,314"
361,"Suffolk, Virginia","92,108"
362,"Indio, California","91,765"
363,"Mount Pleasant town, South Carolina","91,684"
364,"Carson, California","91,394"
365,"Santa Barbara, California","91,364"
366,"Conroe, Texas","91,079"
367,"Westminster, California","90,643"
368,"Santa Monica, California","90,401"
369,"New Braunfels, Texas","90,209"
370,"Livermore, California","90,189"
371,"Palm Coast, Florida","89,800"
372,"St. George, Utah","89,587"
373,"Fall River, Massachusetts","89,541"
374,"Nashua, New Hampshire","89,355"
375,"Champaign, Illinois","88,909"
376,"Miami Beach, Florida","88,885"
377,"Norwalk, Connecticut","88,816"
378,"San Leandro, California","88,815"
379,"O'Fallon, Missouri","88,673"
380,"Newton, Massachusetts","88,414"
381,"Reading, Pennsylvania","88,375"
382,"Avondale, Arizona","87,931"
383,"Fort Smith, Arkansas","87,891"
384,"Citrus Heights, California","87,796"
385,"Ogden, Utah","87,773"
386,"Fayetteville, Arkansas","87,590"
387,"Fort Myers, Florida","87,103"
388,"Goodyear, Arizona","86,840"
389,"Bryan, Texas","86,276"
390,"Waukegan, Illinois","86,075"
391,"Hawthorne, California","86,068"
392,"Redwood City, California","85,925"
393,"Hoover, Alabama","85,768"
394,"Bloomington, Indiana","85,755"
395,"Duluth, Minnesota","85,618"
396,"Lake Forest, California","85,531"
397,"Hemet, California","85,334"
398,"Whittier, California","85,098"
399,"Clifton, New Jersey","85,052"
400,"Largo, Florida","84,948"
401,"Bloomington, Minnesota","84,943"
402,"Danbury, Connecticut","84,694"
403,"Santa Fe, New Mexico","84,683"
404,"Johns Creek, Georgia","84,579"
405,"Newport Beach, California","84,534"
406,"Kennewick, Washington","84,347"
407,"Mission, Texas","84,331"
408,"Milpitas, California","84,196"
409,"Troy, Michigan","84,092"
410,"Chino Hills, California","83,853"
411,"Alhambra, California","83,750"
412,"Merced, California","83,676"
413,"Trenton, New Jersey","83,203"
414,"Franklin, Tennessee","83,097"
415,"Medford, Oregon","83,072"
416,"Melbourne, Florida","83,029"
417,"Manteca, California","83,028"
418,"Mountain View, California","82,739"
419,"Sioux City, Iowa","82,651"
420,"Lynchburg, Virginia","82,168"
421,"Buena Park, California","81,788"
422,"Pleasanton, California","81,777"
423,"Longview, Texas","81,631"
424,"Westland, Michigan","81,511"
425,"Auburn, Washington","81,464"
426,"Cranston, Rhode Island","81,456"
427,"Somerville, Massachusetts","81,360"
428,"Folsom, California","81,328"
429,"Springdale, Arkansas","81,125"
430,"Deerfield Beach, Florida","81,066"
431,"Warwick, Rhode Island","81,004"
432,"Cicero town, Illinois","80,796"
433,"Farmington Hills, Michigan","80,612"
434,"Brooklyn Park, Minnesota","80,389"
435,"Lawrence, Massachusetts","80,028"
436,"Plymouth, Minnesota","79,768"
437,"Buckeye, Arizona","79,620"
438,"Georgetown, Texas","79,604"
439,"Cedar Park, Texas","79,462"
440,"Tustin, California","79,348"
441,"Lakewood, California","79,307"
442,"Perris, California","79,291"
443,"Flower Mound town, Texas","79,135"
444,"Pharr, Texas","79,112"
445,"Loveland, Colorado","78,877"
446,"Boynton Beach, Florida","78,679"
447,"New Rochelle, New York","78,557"
448,"Temple, Texas","78,439"
449,"Lake Charles, Louisiana","78,396"
450,"Jonesboro, Arkansas","78,394"
451,"Napa, California","78,130"
452,"Parma, Ohio","78,103"
453,"Layton, Utah","78,014"
454,"Alameda, California","77,624"
455,"Warner Robins, Georgia","77,617"
456,"Rapid City, South Dakota","77,503"
457,"Bloomington, Illinois","77,330"
458,"Gastonia, North Carolina","77,273"
459,"Baytown, Texas","77,192"
460,"Upland, California","77,140"
461,"Racine, Wisconsin","76,760"
462,"Scranton, Pennsylvania","76,653"
463,"South Jordan, Utah","76,598"
464,"Bellflower, California","76,435"
465,"Kalamazoo, Michigan","76,200"
466,"San Ramon, California","75,995"
467,"Bethlehem, Pennsylvania","75,815"
468,"Wyoming, Michigan","75,667"
469,"Hammond, Indiana","75,522"
470,"Missoula, Montana","75,516"
471,"Missouri City, Texas","75,457"
472,"Pasco, Washington","75,432"
473,"Baldwin Park, California","75,251"
474,"Iowa City, Iowa","75,130"
475,"Rancho Cordova, California","75,087"
476,"Rock Hill, South Carolina","75,048"
477,"Flagstaff, Arizona","75,038"
478,"Gary, Indiana","74,879"
479,"St. Joseph, Missouri","74,875"
480,"Arlington Heights village, Illinois","74,760"
481,"Bolingbrook village, Illinois","74,545"
482,"Rochester Hills, Michigan","74,516"
483,"Framingham, Massachusetts","74,416"
484,"Union City, California","74,107"
485,"Appleton, Wisconsin","74,098"
486,"Turlock, California","73,631"
487,"Camden, New Jersey","73,562"
488,"Bismarck, North Dakota","73,529"
489,"Evanston, Illinois","73,473"
490,"Apple Valley town, California","73,453"
491,"Schaumburg village, Illinois","72,887"
492,"Woodbury, Minnesota","72,828"
493,"Kissimmee, Florida","72,717"
494,"Southfield, Michigan","72,689"
495,"Maple Grove, Minnesota","72,622"
496,"Pittsburg, California","72,588"
497,"New Britain, Connecticut","72,495"
498,"Jacksonville, North Carolina","72,436"
499,"Mansfield, Texas","72,419"
500,"Waukesha, Wisconsin","72,299"
501,"Frederick, Maryland","72,244"
502,"Albany, Georgia","72,130"
503,"Pawtucket, Rhode Island","72,117"
504,"Redmond, Washington","71,929"
505,"Lauderhill, Florida","71,868"
506,"Lafayette, Indiana","71,721"
507,"Gulfport, Mississippi","71,705"
508,"Redlands, California","71,513"
509,"Weston, Florida","71,166"
510,"St. Charles, Missouri","71,028"
511,"Decatur, Illinois","70,746"
512,"North Port, Florida","70,724"
513,"North Richland Hills, Texas","70,670"
514,"Greenville, South Carolina","70,635"
515,"Bowling Green, Kentucky","70,543"
516,"Broomfield, Colorado","70,465"
517,"Canton, Ohio","70,447"
518,"Marysville, Washington","70,298"
519,"Walnut Creek, California","70,166"
519,"Wilmington, Delaware","70,166"
521,"Camarillo, California","69,888"
522,"Lynwood, California","69,887"
523,"Lehi, Utah","69,724"
524,"Passaic, New Jersey","69,703"
525,"Homestead, Florida","69,523"
526,"Delray Beach, Florida","69,451"
527,"Davis, California","69,413"
528,"Lake Elsinore, California","69,283"
529,"Daytona Beach, Florida","69,186"
530,"Dothan, Alabama","68,941"
531,"Rocklin, California","68,823"
532,"Eau Claire, Wisconsin","68,802"
533,"Rogers, Arkansas","68,669"
534,"Castle Rock town, Colorado","68,484"
535,"St. Cloud, Minnesota","68,462"
536,"Bossier City, Louisiana","68,159"
537,"Rockville, Maryland","68,079"
538,"Muncie, Indiana","67,999"
539,"Gaithersburg, Maryland","67,985"
540,"Union City, New Jersey","67,982"
541,"West Des Moines, Iowa","67,899"
542,"South San Francisco, California","67,789"
543,"Yorba Linda, California","67,644"
544,"Conway, Arkansas","67,638"
545,"Lodi, California","67,586"
546,"Palatine village, Illinois","67,482"
547,"Ankeny, Iowa","67,355"
548,"Mount Vernon, New York","67,345"
549,"Rowlett, Texas","67,339"
550,"Waterloo, Iowa","67,328"
551,"Lakeville, Minnesota","67,317"
552,"Alpharetta, Georgia","67,213"
553,"Jackson, Tennessee","67,191"
554,"Yuba City, California","67,010"
555,"Oshkosh, Wisconsin","67,004"
556,"Victoria, Texas","66,916"
557,"Johnson City, Tennessee","66,906"
558,"Redondo Beach, California","66,749"
559,"Tamarac, Florida","66,721"
560,"Laguna Niguel, California","66,385"
561,"Eagan, Minnesota","66,372"
562,"Kenner, Louisiana","66,340"
563,"Auburn, Alabama","66,259"
564,"Ames, Iowa","66,258"
565,"Portland, Maine","66,215"
566,"North Little Rock, Arkansas","65,903"
567,"Sammamish, Washington","65,892"
568,"Madera, California","65,860"
569,"Shawnee, Kansas","65,807"
570,"Jupiter town, Florida","65,791"
571,"Doral, Florida","65,741"
572,"Blaine, Minnesota","65,607"
573,"Tulare, California","65,496"
574,"Youngstown, Ohio","65,469"
575,"Wellington village, Florida","65,398"
576,"Pflugerville, Texas","65,380"
577,"Palo Alto, California","65,364"
578,"Schenectady, New York","65,273"
579,"Harlingen, Texas","65,022"
580,"Bayonne, New Jersey","64,897"
581,"Eden Prairie, Minnesota","64,893"
582,"Port Orange, Florida","64,842"
583,"Dublin, California","64,826"
584,"San Marcos, Texas","64,776"
585,"Noblesville, Indiana","64,668"
586,"Santa Cruz, California","64,608"
587,"Janesville, Wisconsin","64,575"
588,"San Clemente, California","64,558"
589,"Brentwood, California","64,474"
590,"East Orange, New Jersey","64,367"
591,"Cheyenne, Wyoming","64,235"
592,"Eastvale, California","64,157"
593,"Chapel Hill town, North Carolina","64,051"
594,"Haverhill, Massachusetts","64,014"
595,"Lorain, Ohio","63,855"
596,"Grand Junction, Colorado","63,597"
597,"Springfield, Oregon","63,230"
598,"Coon Rapids, Minnesota","62,998"
599,"Idaho Falls, Idaho","62,888"
600,"North Miami, Florida","62,822"
601,"Encinitas, California","62,709"
602,"Skokie village, Illinois","62,700"
603,"Leander, Texas","62,608"
604,"Waltham, Massachusetts","62,495"
605,"Council Bluffs, Iowa","62,166"
606,"Hamilton, Ohio","62,082"
607,"Moore, Oklahoma","62,055"
608,"Pico Rivera, California","62,027"
609,"Montebello, California","61,954"
610,"Millcreek, Utah","61,450"
611,"Sanford, Florida","61,448"
612,"National City, California","61,394"
613,"Burnsville, Minnesota","61,339"
614,"Coconut Creek, Florida","61,248"
615,"Lakewood, Washington","61,037"
616,"Taylor, Michigan","60,922"
617,"Novi, Michigan","60,896"
618,"Marietta, Georgia","60,867"
619,"Ocala, Florida","60,786"
620,"Terre Haute, Indiana","60,622"
621,"Woodland, California","60,548"
622,"Petaluma, California","60,520"
623,"La Habra, California","60,513"
624,"Malden, Massachusetts","60,470"
625,"Commerce City, Colorado","60,336"
626,"Owensboro, Kentucky","60,131"
627,"Bristol, Connecticut","59,947"
628,"West Allis, Wisconsin","59,890"
629,"Taylorsville, Utah","59,805"
630,"Utica, New York","59,750"
631,"Monterey Park, California","59,669"
632,"Bonita Springs, Florida","59,637"
633,"Porterville, California","59,599"
634,"Greenwood, Indiana","59,458"
635,"Bartlett, Tennessee","59,440"
636,"Bradenton, Florida","59,439"
636,"Vineland, New Jersey","59,439"
638,"Pontiac, Michigan","59,438"
639,"Meriden, Connecticut","59,395"
640,"Gardena, California","59,329"
641,"Apex town, North Carolina","59,300"
642,"Royal Oak, Michigan","59,277"
643,"Cupertino, California","59,276"
644,"Lancaster, Pennsylvania","59,265"
645,"La Mesa, California","59,249"
646,"Gilroy, California","59,032"
647,"St. Clair Shores, Michigan","58,984"
648,"Des Plaines, Illinois","58,899"
649,"Springfield, Ohio","58,877"
650,"Corvallis, Oregon","58,856"
651,"Margate, Florida","58,796"
652,"Bowie, Maryland","58,643"
653,"Casa Grande, Arizona","58,632"
654,"Caldwell, Idaho","58,481"
655,"San Rafael, California","58,440"
656,"Great Falls, Montana","58,434"
657,"Sarasota, Florida","58,285"
658,"Richland, Washington","58,225"
659,"St. Peters, Missouri","58,212"
660,"Hendersonville, Tennessee","58,113"
661,"White Plains, New York","58,109"
662,"Huntersville town, North Carolina","58,098"
663,"Santee, California","58,081"
664,"Kokomo, Indiana","58,020"
665,"Arcadia, California","57,939"
666,"Casper, Wyoming","57,931"
667,"Dubuque, Iowa","57,882"
668,"Orland Park village, Illinois","57,857"
669,"Weymouth Town, Massachusetts","57,746"
670,"Parker town, Colorado","57,706"
671,"Palm Beach Gardens, Florida","57,704"
672,"Hanford, California","57,703"
673,"Huntington Park, California","57,509"
674,"Taunton, Massachusetts","57,464"
675,"Midwest City, Oklahoma","57,407"
676,"Medford, Massachusetts","57,341"
677,"Euless, Texas","57,197"
678,"Shoreline, Washington","57,027"
679,"Smyrna, Georgia","56,666"
680,"Pocatello, Idaho","56,637"
681,"Valdosta, Georgia","56,457"
682,"Carson, Nevada","55,916"
683,"Lake Havasu City, Arizona","55,865"
684,"Grand Forks, North Dakota","55,839"
685,"Blue Springs, Missouri","55,829"
686,"Southaven, Mississippi","55,780"
687,"Tinley Park village, Illinois","55,773"
688,"Diamond Bar, California","55,720"
689,"New Brunswick, New Jersey","55,676"
690,"Lenexa, Kansas","55,625"
691,"Brookhaven, Georgia","55,554"
692,"Novato, California","55,516"
693,"Tigard, Oregon","55,514"
694,"Highland, California","55,417"
695,"Fountain Valley, California","55,357"
696,"Dearborn Heights, Michigan","55,353"
697,"Albany, Oregon","55,338"
698,"Grapevine, Texas","55,281"
699,"Apple Valley, Minnesota","55,135"
700,"Chicopee, Massachusetts","55,126"
701,"Hempstead village, New York","55,113"
702,"Oak Lawn village, Illinois","55,022"
703,"Cathedral City, California","55,007"
704,"Bentonville, Arkansas","54,909"
705,"Stonecrest, Georgia","54,903"
706,"Kettering, Ohio","54,855"
707,"Colton, California","54,824"
708,"Anderson, Indiana","54,765"
709,"West Haven, Connecticut","54,620"
710,"Burlington, North Carolina","54,606"
711,"Manhattan, Kansas","54,604"
712,"St. Cloud, Florida","54,579"
713,"Normal town, Illinois","54,469"
714,"Decatur, Alabama","54,445"
715,"Berwyn, Illinois","54,391"
716,"Port Arthur, Texas","54,280"
717,"Kingsport, Tennessee","54,127"
718,"Minnetonka, Minnesota","54,064"
719,"Rosemead, California","54,058"
720,"Paramount, California","53,955"
721,"Rocky Mount, North Carolina","53,922"
722,"Yucaipa, California","53,921"
723,"Watsonville, California","53,856"
724,"Elyria, Ohio","53,757"
725,"Leesburg town, Virginia","53,727"
726,"Mount Prospect village, Illinois","53,719"
727,"Pinellas Park, Florida","53,637"
728,"Delano, California","53,573"
729,"Bellevue, Nebraska","53,544"
730,"West Sacramento, California","53,519"
731,"Apopka, Florida","53,447"
732,"Palm Desert, California","53,275"
733,"Milford city (balance), Connecticut","53,195"
734,"Little Elm, Texas","53,126"
735,"Revere, Massachusetts","53,073"
736,"Peabody, Massachusetts","53,070"
737,"Wylie, Texas","53,067"
738,"Harrisonburg, Virginia","53,016"
739,"DeSoto, Texas","52,988"
740,"Pensacola, Florida","52,975"
741,"Olympia, Washington","52,882"
742,"Edina, Minnesota","52,857"
743,"Wheaton, Illinois","52,745"
744,"West New York town, New Jersey","52,723"
745,"Hoboken, New Jersey","52,677"
746,"Lacey, Washington","52,592"
747,"Summerville town, South Carolina","52,549"
748,"Coeur d'Alene, Idaho","52,414"
749,"Oak Park village, Illinois","52,381"
750,"Elkhart, Indiana","52,358"
751,"Maricopa, Arizona","52,127"
752,"Kentwood, Michigan","51,898"
753,"Madison, Alabama","51,593"
754,"Smyrna town, Tennessee","51,586"
755,"Glendora, California","51,544"
756,"Logan, Utah","51,542"
757,"Burien, Washington","51,500"
758,"Perth Amboy, New Jersey","51,390"
759,"Herriman, Utah","51,348"
760,"Grand Island, Nebraska","51,267"
761,"Placentia, California","51,233"
762,"La Crosse, Wisconsin","51,227"
763,"Battle Creek, Michigan","51,093"
764,"Beaumont, California","51,063"
765,"Collierville town, Tennessee","51,040"
766,"West Lafayette, Indiana","50,996"
767,"Florissant, Missouri","50,952"
768,"Hoffman Estates village, Illinois","50,932"
769,"Joplin, Missouri","50,925"
770,"Queen Creek town, Arizona","50,890"
771,"Aliso Viejo, California","50,887"
772,"Kannapolis, North Carolina","50,841"
773,"Methuen Town, Massachusetts","50,706"
774,"Galveston, Texas","50,446"
775,"Mishawaka, Indiana","50,363"
776,"Plainfield, New Jersey","50,317"
777,"Newark, Ohio","50,315"
778,"Stillwater, Oklahoma","50,299"
779,"Twin Falls, Idaho","50,197"
780,"Texas City, Texas","50,094"
781,"Cerritos, California","49,859"
782,"Coral Gables, Florida","49,700"
783,"Enid, Oklahoma","49,688"
784,"Lakewood, Ohio","49,678"
785,"Troy, New York","49,154"
786,"Saginaw, Michigan","48,115"
787,"Niagara Falls, New York","47,720"
788,"Charleston, West Virginia","46,536"
